lawbank.yunjiweidian.com,30.250.11.135
roneiv.yunjiweidian.com,30.250.11.135
atv.yunjiweidian.com,30.250.11.135
turismo.yunjiweidian.com,30.250.11.135
nudismlife.yunjiweidian.com,30.250.11.135
progzad.yunjiweidian.com,30.250.11.135
vpn2.yunjiweidian.com,30.250.11.135
tmp.yunjiweidian.com,30.250.11.135
klik-usman.yunjiweidian.com,30.250.11.135
arganil.yunjiweidian.com,30.250.11.135
starviewer.yunjiweidian.com,30.250.11.135
downloads.yunjiweidian.com,30.250.11.135
500futures.yunjiweidian.com,30.250.11.135
achodbase.yunjiweidian.com,30.250.11.135
snmpd.yunjiweidian.com,30.250.11.135
elimusic.yunjiweidian.com,30.250.11.135
devbird.yunjiweidian.com,30.250.11.135
120.55.149.0/24,120.55.149.85
img2.yunjiweidian.com,30.250.11.135
padijantan.yunjiweidian.com,30.250.11.135
vip2.yunjiweidian.com,30.250.11.135
wtwobd.yunjiweidian.com,30.250.11.135
da.yunjiweidian.com,30.250.11.135
semua-free.yunjiweidian.com,30.250.11.135
ulczyk.yunjiweidian.com,30.250.11.135
smoothspan.yunjiweidian.com,30.250.11.135
baltimore.yunjiweidian.com,30.250.11.135
typex2.yunjiweidian.com,30.250.11.135
ellouna.yunjiweidian.com,30.250.11.135
30.250.11.0/24,30.250.11.135
jenkins.yunjiweidian.com,101.37.224.24
sarwar4all.yunjiweidian.com,30.250.11.135
zj.yunjiweidian.com,30.250.11.135
ainuamri.yunjiweidian.com,30.250.11.135
114.55.188.0/24,114.55.188.141
zamiatarki.yunjiweidian.com,30.250.11.135
inflacoste.yunjiweidian.com,30.250.11.135
ztm.yunjiweidian.com,30.250.11.135
karen.yunjiweidian.com,30.250.11.135
kgoo.yunjiweidian.com,30.250.11.135
bukik.yunjiweidian.com,30.250.11.135
solution.yunjiweidian.com,30.250.11.135
101.37.224.0/24,101.37.224.24
s7.yunjiweidian.com,30.250.11.135
splunk.yunjiweidian.com,30.250.11.135
printer.yunjiweidian.com,30.250.11.135
dayday8182.yunjiweidian.com,30.250.11.135
aserne.yunjiweidian.com,30.250.11.135
v3.yunjiweidian.com,30.250.11.135
ocandomble.yunjiweidian.com,30.250.11.135
titan.yunjiweidian.com,101.37.224.24
ultrabox.yunjiweidian.com,30.250.11.135
design.yunjiweidian.com,30.250.11.135
nsnbc.yunjiweidian.com,30.250.11.135
dee-nesia.yunjiweidian.com,30.250.11.135
homepage3.yunjiweidian.com,30.250.11.135
zehirlenme.yunjiweidian.com,30.250.11.135
image1.yunjiweidian.com,30.250.11.135
webhelp.yunjiweidian.com,30.250.11.135
s10.yunjiweidian.com,30.250.11.135
monitor.yunjiweidian.com,101.37.224.24
bto.yunjiweidian.com,30.250.11.135
moraffah.yunjiweidian.com,30.250.11.135
gane.yunjiweidian.com,30.250.11.135
cust78.yunjiweidian.com,30.250.11.135
blue.yunjiweidian.com,30.250.11.135
honda.yunjiweidian.com,30.250.11.135
mbt-lab.yunjiweidian.com,30.250.11.135
vihaan11.yunjiweidian.com,30.250.11.135
botd.yunjiweidian.com,30.250.11.135
microlinks.yunjiweidian.com,30.250.11.135
groups.yunjiweidian.com,30.250.11.135
syiarislam.yunjiweidian.com,30.250.11.135
vinsh.yunjiweidian.com,30.250.11.135
namiplus.yunjiweidian.com,30.250.11.135
toysrevil.yunjiweidian.com,30.250.11.135
cash-norma.yunjiweidian.com,30.250.11.135
movistar.yunjiweidian.com,30.250.11.135
syrupmasin.yunjiweidian.com,30.250.11.135
riazzoli.yunjiweidian.com,30.250.11.135
seb14130.yunjiweidian.com,30.250.11.135
ssh.mail.yunjiweidian.com,30.250.11.135
presurfer.yunjiweidian.com,30.250.11.135
max.yunjiweidian.com,30.250.11.135
cemea.yunjiweidian.com,30.250.11.135
selvasorg.yunjiweidian.com,30.250.11.135
mducoe.yunjiweidian.com,30.250.11.135
dienekes.yunjiweidian.com,30.250.11.135
gana.yunjiweidian.com,30.250.11.135
zazachan.yunjiweidian.com,30.250.11.135
tweetdeck.yunjiweidian.com,30.250.11.135
gems.yunjiweidian.com,30.250.11.135
more.yunjiweidian.com,30.250.11.135
rf.yunjiweidian.com,30.250.11.135
tools.yunjiweidian.com,30.250.11.135
kringg.yunjiweidian.com,30.250.11.135
rushill07.yunjiweidian.com,30.250.11.135
homecenter.yunjiweidian.com,30.250.11.135
weather.yunjiweidian.com,30.250.11.135
msexchange.yunjiweidian.com,30.250.11.135
kisc.yunjiweidian.com,30.250.11.135
allilogiki.yunjiweidian.com,30.250.11.135
wewintoo.yunjiweidian.com,30.250.11.135
pingalista.yunjiweidian.com,30.250.11.135
govorun.yunjiweidian.com,30.250.11.135
rahulbuzz.yunjiweidian.com,30.250.11.135
runt.yunjiweidian.com,30.250.11.135
kc.yunjiweidian.com,30.250.11.135
member.yunjiweidian.com,30.250.11.135
mbbs2md.yunjiweidian.com,30.250.11.135
horna.yunjiweidian.com,30.250.11.135
wup.yunjiweidian.com,30.250.11.135
ad1.yunjiweidian.com,30.250.11.135
triaslama.yunjiweidian.com,30.250.11.135
carlfutia.yunjiweidian.com,30.250.11.135
mail.yunjiweidian.com,"42.159.163.130,"
jjg0809.yunjiweidian.com,30.250.11.135
german.yunjiweidian.com,30.250.11.135
tukaripvr.yunjiweidian.com,30.250.11.135
zyngablog.yunjiweidian.com,30.250.11.135
mangaraws1.yunjiweidian.com,30.250.11.135
farmacien.yunjiweidian.com,30.250.11.135
peegh.yunjiweidian.com,30.250.11.135
stone.yunjiweidian.com,30.250.11.135
doransky.yunjiweidian.com,30.250.11.135
mehenni.yunjiweidian.com,30.250.11.135
cuerazos.yunjiweidian.com,30.250.11.135
gmailblog.yunjiweidian.com,30.250.11.135
fdmarriage.yunjiweidian.com,30.250.11.135
candimandi.yunjiweidian.com,30.250.11.135
yallafun.yunjiweidian.com,30.250.11.135
msc.yunjiweidian.com,30.250.11.135
opera.yunjiweidian.com,30.250.11.135
wsj.yunjiweidian.com,30.250.11.135
yoricknube.yunjiweidian.com,30.250.11.135
alcor.yunjiweidian.com,30.250.11.135
ayumills.yunjiweidian.com,30.250.11.135
platea.yunjiweidian.com,30.250.11.135
hy6y6.yunjiweidian.com,30.250.11.135
lafrusta.yunjiweidian.com,30.250.11.135
mpcomputer.yunjiweidian.com,30.250.11.135
woman.yunjiweidian.com,30.250.11.135
s10140.yunjiweidian.com,30.250.11.135
tokyo.yunjiweidian.com,30.250.11.135
pcs.yunjiweidian.com,30.250.11.135
fbflex.yunjiweidian.com,30.250.11.135
forge.yunjiweidian.com,30.250.11.135
pks.yunjiweidian.com,30.250.11.135
wms.yunjiweidian.com,47.98.18.126
app.yunjiweidian.com,180.97.162.205
thai-songs.yunjiweidian.com,30.250.11.135
amsterdam.yunjiweidian.com,30.250.11.135
retejo.yunjiweidian.com,30.250.11.135
kavoshfilm.yunjiweidian.com,30.250.11.135
qqbaobei00.yunjiweidian.com,30.250.11.135
nosint.yunjiweidian.com,30.250.11.135
lotushaus.yunjiweidian.com,30.250.11.135
wcqj2.yunjiweidian.com,30.250.11.135
wlocopy.yunjiweidian.com,30.250.11.135
paginas.yunjiweidian.com,30.250.11.135
pc6.yunjiweidian.com,30.250.11.135
bligoo.yunjiweidian.com,30.250.11.135
streaming1.yunjiweidian.com,30.250.11.135
dansdata.yunjiweidian.com,30.250.11.135
hawk.yunjiweidian.com,30.250.11.135
bonddad.yunjiweidian.com,30.250.11.135
deepgoa.yunjiweidian.com,30.250.11.135
rabbit.yunjiweidian.com,30.250.11.135
mind.yunjiweidian.com,30.250.11.135
ci.yunjiweidian.com,30.250.11.135
websnba.yunjiweidian.com,30.250.11.135
b3ritaku.yunjiweidian.com,30.250.11.135
cs2-dallas.yunjiweidian.com,30.250.11.135
sexyagents.yunjiweidian.com,30.250.11.135
karrar.yunjiweidian.com,30.250.11.135
edutech.yunjiweidian.com,30.250.11.135
visionias.yunjiweidian.com,30.250.11.135
geekdoctor.yunjiweidian.com,30.250.11.135
google-tr.yunjiweidian.com,30.250.11.135
alamrani.yunjiweidian.com,30.250.11.135
zeus.yunjiweidian.com,30.250.11.135
shaymaria.yunjiweidian.com,30.250.11.135
palamidi.yunjiweidian.com,30.250.11.135
mesta.yunjiweidian.com,30.250.11.135
spicygifs.yunjiweidian.com,30.250.11.135
scp-ru.yunjiweidian.com,30.250.11.135
autorun.yunjiweidian.com,30.250.11.135
tirebay.yunjiweidian.com,30.250.11.135
alkagurha.yunjiweidian.com,30.250.11.135
biology.yunjiweidian.com,30.250.11.135
116.62.118.0/24,116.62.118.202
lamagahoy.yunjiweidian.com,30.250.11.135
ww3.yunjiweidian.com,30.250.11.135
lucy.yunjiweidian.com,30.250.11.135
oleplusmen.yunjiweidian.com,30.250.11.135
ww1.yunjiweidian.com,30.250.11.135
libritosgt.yunjiweidian.com,30.250.11.135
ba.yunjiweidian.com,30.250.11.135
qc.yunjiweidian.com,30.250.11.135
kofevarka.yunjiweidian.com,30.250.11.135
gse.yunjiweidian.com,30.250.11.135
contract.yunjiweidian.com,30.250.11.135
yarlmuslim.yunjiweidian.com,30.250.11.135
fw1.yunjiweidian.com,30.250.11.135
cnsblog.yunjiweidian.com,30.250.11.135
jozvedoni.yunjiweidian.com,30.250.11.135
mei.yunjiweidian.com,30.250.11.135
cindersk.yunjiweidian.com,30.250.11.135
3rabsong.yunjiweidian.com,30.250.11.135
mft.yunjiweidian.com,30.250.11.135
francois04.yunjiweidian.com,30.250.11.135
faltugolpo.yunjiweidian.com,30.250.11.135
asiap30.yunjiweidian.com,30.250.11.135
jamielz.yunjiweidian.com,30.250.11.135
fcs.yunjiweidian.com,30.250.11.135
stylescss.yunjiweidian.com,30.250.11.135
sensaisti.yunjiweidian.com,30.250.11.135
trovit.yunjiweidian.com,30.250.11.135
jeep.yunjiweidian.com,30.250.11.135
schlicken.yunjiweidian.com,30.250.11.135
data.yunjiweidian.com,120.55.238.159
sapstaff2.yunjiweidian.com,30.250.11.135
fqctyj.yunjiweidian.com,30.250.11.135
zx.yunjiweidian.com,30.250.11.135
may-13th.yunjiweidian.com,30.250.11.135
seguro444.yunjiweidian.com,30.250.11.135
abdchicas.yunjiweidian.com,30.250.11.135
wwwffi.yunjiweidian.com,30.250.11.135
seattle.yunjiweidian.com,30.250.11.135
mwfpro.yunjiweidian.com,30.250.11.135
tcbmag.yunjiweidian.com,30.250.11.135
seeknomore.yunjiweidian.com,30.250.11.135
howdoi.yunjiweidian.com,30.250.11.135
starchive.yunjiweidian.com,30.250.11.135
47.98.38.0/24,47.98.38.16
rehmat1.yunjiweidian.com,30.250.11.135
bes.yunjiweidian.com,30.250.11.135
maximum21.yunjiweidian.com,30.250.11.135
ithetimes.yunjiweidian.com,30.250.11.135
cannonfire.yunjiweidian.com,30.250.11.135
personal.yunjiweidian.com,30.250.11.135
anisayu.yunjiweidian.com,30.250.11.135
vote.mail.yunjiweidian.com,30.250.11.135
maskolis.yunjiweidian.com,30.250.11.135
mzk.yunjiweidian.com,30.250.11.135
cheapechic.yunjiweidian.com,30.250.11.135
budies.yunjiweidian.com,30.250.11.135
service.mail.yunjiweidian.com,30.250.11.135
163navy.yunjiweidian.com,30.250.11.135
boblet.yunjiweidian.com,30.250.11.135
carpinejar.yunjiweidian.com,30.250.11.135
banou.yunjiweidian.com,30.250.11.135
soso.yunjiweidian.com,30.250.11.135
viking.yunjiweidian.com,30.250.11.135
inst.yunjiweidian.com,30.250.11.135
pitsirikos.yunjiweidian.com,30.250.11.135
purplemnk.yunjiweidian.com,30.250.11.135
publifusa.yunjiweidian.com,30.250.11.135
ict.yunjiweidian.com,30.250.11.135
tribunale.yunjiweidian.com,30.250.11.135
crimesnews.yunjiweidian.com,30.250.11.135
android.yunjiweidian.com,30.250.11.135
conurbanos.yunjiweidian.com,30.250.11.135
cust30.yunjiweidian.com,30.250.11.135
llundqvist.yunjiweidian.com,30.250.11.135
mac4701.yunjiweidian.com,30.250.11.135
city-tv.yunjiweidian.com,30.250.11.135
aws.yunjiweidian.com,30.250.11.135
poczta.yunjiweidian.com,30.250.11.135
techandwe.yunjiweidian.com,30.250.11.135
sqa.yunjiweidian.com,30.250.11.135
aamcquay.yunjiweidian.com,30.250.11.135
open.yunjiweidian.com,120.55.238.159
report.yunjiweidian.com,114.55.36.227
lilsandy.yunjiweidian.com,30.250.11.135
peonylim.yunjiweidian.com,30.250.11.135
42.159.40.0/24,"42.159.40.66, 42.159.40.2"
turkey.yunjiweidian.com,30.250.11.135
smallrooms.yunjiweidian.com,30.250.11.135
anubiscuit.yunjiweidian.com,30.250.11.135
psterpnis.yunjiweidian.com,30.250.11.135
dell.yunjiweidian.com,30.250.11.135
avalon.yunjiweidian.com,30.250.11.135
secure1064.yunjiweidian.com,30.250.11.135
imeimo.yunjiweidian.com,30.250.11.135
matarya.yunjiweidian.com,30.250.11.135
bundlepost.yunjiweidian.com,30.250.11.135
gy.yunjiweidian.com,30.250.11.135
nastase.yunjiweidian.com,30.250.11.135
goto.yunjiweidian.com,30.250.11.135
www2a.yunjiweidian.com,30.250.11.135
glendale.yunjiweidian.com,30.250.11.135
www5b.yunjiweidian.com,30.250.11.135
sap201110.yunjiweidian.com,30.250.11.135
xcb.yunjiweidian.com,30.250.11.135
aa.yunjiweidian.com,30.250.11.135
cust96.yunjiweidian.com,30.250.11.135
sj.yunjiweidian.com,30.250.11.135
gnambox.yunjiweidian.com,30.250.11.135
dilma13.yunjiweidian.com,30.250.11.135
jaimelyn11.yunjiweidian.com,30.250.11.135
haruka.yunjiweidian.com,30.250.11.135
club.yunjiweidian.com,30.250.11.135
120.27.216.0/24,120.27.216.90
testbells1.yunjiweidian.com,30.250.11.135
avvillas.yunjiweidian.com,30.250.11.135
esl.yunjiweidian.com,30.250.11.135
koolcentre.yunjiweidian.com,30.250.11.135
hot.yunjiweidian.com,30.250.11.135
shareraws.yunjiweidian.com,30.250.11.135
regione.yunjiweidian.com,30.250.11.135
indieceo.yunjiweidian.com,30.250.11.135
odin.yunjiweidian.com,30.250.11.135
celebpic.yunjiweidian.com,30.250.11.135
educ.yunjiweidian.com,30.250.11.135
oem.yunjiweidian.com,30.250.11.135
graphics.yunjiweidian.com,30.250.11.135
42.159.33.0/24,"42.159.33.168, 42.159.33.136"
comm.yunjiweidian.com,30.250.11.135
blog.yunjiweidian.com,30.250.11.135
to-kounavi.yunjiweidian.com,30.250.11.135
khaidoan.yunjiweidian.com,30.250.11.135
vladimir-k.yunjiweidian.com,30.250.11.135
delsoz18.yunjiweidian.com,30.250.11.135
bollyfeet.yunjiweidian.com,30.250.11.135
smilewu87.yunjiweidian.com,30.250.11.135
ephemera.yunjiweidian.com,30.250.11.135
id.yunjiweidian.com,30.250.11.135
buscape.yunjiweidian.com,30.250.11.135
taicarmen.yunjiweidian.com,30.250.11.135
bm.yunjiweidian.com,30.250.11.135
stem.yunjiweidian.com,30.250.11.135
120.55.238.0/24,120.55.238.159
line3.yunjiweidian.com,30.250.11.135
sa-pol2010.yunjiweidian.com,30.250.11.135
7oooras.yunjiweidian.com,30.250.11.135
sakina.yunjiweidian.com,30.250.11.135
channel08.yunjiweidian.com,30.250.11.135
pcsemicon.yunjiweidian.com,30.250.11.135
101.37.106.0/24,101.37.106.50
zulu.yunjiweidian.com,30.250.11.135
citibank.yunjiweidian.com,30.250.11.135
furiawwe.yunjiweidian.com,30.250.11.135
IP,active
um.yunjiweidian.com,30.250.11.135
oteteu.yunjiweidian.com,30.250.11.135
noise.yunjiweidian.com,30.250.11.135
42.159.163.0/24,"42.159.163.130, 42.159.163.194"
note.yunjiweidian.com,30.250.11.135
vpn.mail.yunjiweidian.com,30.250.11.135
v.yunjiweidian.com,30.250.11.135
awww-yeah.yunjiweidian.com,30.250.11.135
sextube4ar.yunjiweidian.com,30.250.11.135
host405.yunjiweidian.com,30.250.11.135
mauroana85.yunjiweidian.com,30.250.11.135
hlshepin.yunjiweidian.com,30.250.11.135
tx.yunjiweidian.com,30.250.11.135
vwvi.yunjiweidian.com,30.250.11.135
yohei.yunjiweidian.com,30.250.11.135
sql0.yunjiweidian.com,30.250.11.135
naftazmon.yunjiweidian.com,30.250.11.135
mmursyidpw.yunjiweidian.com,30.250.11.135
passport.yunjiweidian.com,30.250.11.135
tel.yunjiweidian.com,30.250.11.135
mail4.yunjiweidian.com,30.250.11.135
prof.yunjiweidian.com,30.250.11.135
hotel.yunjiweidian.com,30.250.11.135
netnewsgr.yunjiweidian.com,30.250.11.135
42.159.161.0/24,"42.159.161.152, 42.159.161.184"
seeker401.yunjiweidian.com,30.250.11.135
infolab.yunjiweidian.com,30.250.11.135
dj.yunjiweidian.com,120.27.216.90
starsnwa.yunjiweidian.com,30.250.11.135
sabaticos.yunjiweidian.com,30.250.11.135
lovesg87.yunjiweidian.com,30.250.11.135
orders.yunjiweidian.com,30.250.11.135
windowsxp.yunjiweidian.com,30.250.11.135
isndi.yunjiweidian.com,30.250.11.135
mglzone.yunjiweidian.com,30.250.11.135
cwnl.yunjiweidian.com,30.250.11.135
ontop.yunjiweidian.com,30.250.11.135
oraclefox.yunjiweidian.com,30.250.11.135
xx.yunjiweidian.com,30.250.11.135
www2j.yunjiweidian.com,30.250.11.135
zonafunk.yunjiweidian.com,30.250.11.135
ai-vres.yunjiweidian.com,30.250.11.135
tdarkcabal.yunjiweidian.com,30.250.11.135
pe.yunjiweidian.com,30.250.11.135
mgr.yunjiweidian.com,30.250.11.135
imgfave.yunjiweidian.com,30.250.11.135
mysql.mail.yunjiweidian.com,30.250.11.135
patcrosby.yunjiweidian.com,30.250.11.135
myraduga.yunjiweidian.com,30.250.11.135
jborrego.yunjiweidian.com,30.250.11.135
42.159.160.0/24,42.159.160.36
support.yunjiweidian.com,30.250.11.135
dge.yunjiweidian.com,30.250.11.135
esencia21.yunjiweidian.com,30.250.11.135
genusnytt.yunjiweidian.com,30.250.11.135
hidden.yunjiweidian.com,30.250.11.135
antivirus.yunjiweidian.com,30.250.11.135
auteco.yunjiweidian.com,30.250.11.135
mariux.yunjiweidian.com,30.250.11.135
gelko33.yunjiweidian.com,30.250.11.135
arqteturas.yunjiweidian.com,30.250.11.135
seosection.yunjiweidian.com,30.250.11.135
galeryboom.yunjiweidian.com,30.250.11.135
openbsd.yunjiweidian.com,30.250.11.135
cse.yunjiweidian.com,30.250.11.135
pki.yunjiweidian.com,30.250.11.135
beta.yunjiweidian.com,30.250.11.135
zephyr.yunjiweidian.com,30.250.11.135
sos.yunjiweidian.com,30.250.11.135
iamawinrar.yunjiweidian.com,30.250.11.135
nafnaf.yunjiweidian.com,30.250.11.135
pollux.yunjiweidian.com,30.250.11.135
presta.yunjiweidian.com,30.250.11.135
114.55.36.0/24,114.55.36.227
navysocks.yunjiweidian.com,30.250.11.135
bruk.yunjiweidian.com,30.250.11.135
greenbank.yunjiweidian.com,30.250.11.135
elham888.yunjiweidian.com,30.250.11.135
hotels24.yunjiweidian.com,30.250.11.135
115.238.94.0/24,115.238.94.231
apologista.yunjiweidian.com,30.250.11.135
agent.yunjiweidian.com,120.55.238.159
addiktv.yunjiweidian.com,30.250.11.135
pnunews.yunjiweidian.com,30.250.11.135
p.yunjiweidian.com,180.97.162.205
ekohasan.yunjiweidian.com,30.250.11.135
pak-portal.yunjiweidian.com,30.250.11.135
180.97.162.0/24,180.97.162.205
en-2012.yunjiweidian.com,30.250.11.135
a.yunjiweidian.com,120.55.238.159
holiday.yunjiweidian.com,30.250.11.135
youcef7.yunjiweidian.com,30.250.11.135
42.159.233.0/24,42.159.233.91
sopweres.yunjiweidian.com,30.250.11.135
jc.yunjiweidian.com,30.250.11.135
picdit.yunjiweidian.com,30.250.11.135
mariottini.yunjiweidian.com,30.250.11.135
lists.yunjiweidian.com,30.250.11.135
students.yunjiweidian.com,30.250.11.135
store.yunjiweidian.com,30.250.11.135
cinemasie.yunjiweidian.com,30.250.11.135
emagister.yunjiweidian.com,30.250.11.135
martys.yunjiweidian.com,30.250.11.135
shuran06.yunjiweidian.com,30.250.11.135
uni.yunjiweidian.com,30.250.11.135
imageiv.yunjiweidian.com,30.250.11.135
lflwriter.yunjiweidian.com,30.250.11.135
modemworld.yunjiweidian.com,30.250.11.135
kamonama.yunjiweidian.com,30.250.11.135
home.mail.yunjiweidian.com,30.250.11.135
pakrodi.yunjiweidian.com,30.250.11.135
gb-sb.yunjiweidian.com,30.250.11.135
dholbeat.yunjiweidian.com,30.250.11.135
wsta.yunjiweidian.com,30.250.11.135
sameerbsws.yunjiweidian.com,30.250.11.135
torijean.yunjiweidian.com,30.250.11.135
cjunk.yunjiweidian.com,30.250.11.135
